{"cameraMode":{"drawMode":0,"name":"Shaded","section":"Shading Mode"},"sceneLighting":true,"audioPlay":false,"sceneViewState":{"showFog":true,"showMaterialUpdate":true,"showSkybox":true,"showFlares":true,"showImageEffects":true,"showParticleSystems":true},"in2DMode":false,"pivot":{"x":243.3056640625,"y":3.799015998840332,"z":-40.12370681762695},"rotation":{"x":-0.02105070650577545,"y":-0.9653087854385376,"z":-0.0823003351688385,"w":0.2469111531972885},"size":5.5978264808654789,"orthographic":false}